{"estimated_library_size": {"SA1200-A96185A-R22-C65": 2720542.0, "SA1200-A96185A-R22-C67": 2399817.0, "SA1200-A96185A-R11-C38": 43861.0, "SA1200-A96185A-R24-C32": 2559860.0, "SA1200-A96185A-R26-C20": 227105.0 }, "total_mapped_reads": {"SA1200-A96185A-R22-C65": 1174221.0, "SA1200-A96185A-R22-C67": 1116674.0, "SA1200-A96185A-R11-C38": 15541.0, "SA1200-A96185A-R24-C32": 1454938.0, "SA1200-A96185A-R26-C20": 12755.0 }, "percent_unmapped_reads": {"SA1200-A96185A-R22-C65": 0.05357727207514504, "SA1200-A96185A-R22-C67": 0.05379119370659472, "SA1200-A96185A-R11-C38": 0.20212547489475305, "SA1200-A96185A-R24-C32": 0.07148646354647296, "SA1200-A96185A-R26-C20": 0.07585857122156209 }, "total_properly_paired": {"SA1200-A96185A-R22-C65": 832576.0, "SA1200-A96185A-R22-C67": 756034.0, "SA1200-A96185A-R11-C38": 5420.0, "SA1200-A96185A-R24-C32": 989790.0, "SA1200-A96185A-R26-C20": 7908.0 }, "nohit": {"SA1200-A96185A-R22-C65": 11548, "SA1200-A96185A-R22-C67": 12146, "SA1200-A96185A-R11-C38": 4213, "SA1200-A96185A-R24-C32": 24140, "SA1200-A96185A-R26-C20": 451 }, "MBRSM_dispersion": {"SA1200-A96185A-R22-C65": 0.19670962844037693, "SA1200-A96185A-R22-C67": 0.599278557682541, "SA1200-A96185A-R11-C38": 1.7952319630865102e-09, "SA1200-A96185A-R24-C32": 0.27082754697324, "SA1200-A96185A-R26-C20": 8.397539330573518e-10 }, "mad_hmmcopy": {"SA1200-A96185A-R22-C65": 0.100981759224222, "SA1200-A96185A-R22-C67": 0.204676158645909, "SA1200-A96185A-R11-C38": 6.58437296907621e-08, "SA1200-A96185A-R24-C32": 0.624345818124942, "SA1200-A96185A-R26-C20": 1.9374123194637598e-08 }, "salmon_multihit": {"SA1200-A96185A-R22-C65": 42100, "SA1200-A96185A-R22-C67": 39413, "SA1200-A96185A-R11-C38": 625, "SA1200-A96185A-R24-C32": 60527, "SA1200-A96185A-R26-C20": 450 }, "total_reads": {"SA1200-A96185A-R22-C65": 1240694.0, "SA1200-A96185A-R22-C67": 1180156.0, "SA1200-A96185A-R11-C38": 19478.0, "SA1200-A96185A-R24-C32": 1566954.0, "SA1200-A96185A-R26-C20": 13802.0 }, "true_multiplier": {"SA1200-A96185A-R22-C65": 1.94865809386487, "SA1200-A96185A-R22-C67": 5.96657506969607, "SA1200-A96185A-R11-C38": 2.00000005867632, "SA1200-A96185A-R24-C32": 1.01788552024261, "SA1200-A96185A-R26-C20": 1.00000001776503 }, "salmon": {"SA1200-A96185A-R22-C65": 42194, "SA1200-A96185A-R22-C67": 39502, "SA1200-A96185A-R11-C38": 648, "SA1200-A96185A-R24-C32": 60680, "SA1200-A96185A-R26-C20": 450 }, "MSRSI_non_integerness": {"SA1200-A96185A-R22-C65": 0.0383036544748001, "SA1200-A96185A-R22-C67": 0.18142984654761, "SA1200-A96185A-R11-C38": 5.04133901291226e-08, "SA1200-A96185A-R24-C32": 0.16224917126596, "SA1200-A96185A-R26-C20": 9.320314964256228e-09 }, "sample_id": {"SA1200-A96185A-R22-C65": "SA1200", "SA1200-A96185A-R22-C67": "SA1200", "SA1200-A96185A-R11-C38": "SA1200", "SA1200-A96185A-R24-C32": "SA1200", "SA1200-A96185A-R26-C20": "SA1200" }, "breakpoints": {"SA1200-A96185A-R22-C65": 0.0, "SA1200-A96185A-R22-C67": 288.0, "SA1200-A96185A-R11-C38": 1888.0, "SA1200-A96185A-R24-C32": 344.0, "SA1200-A96185A-R26-C20": 1850.0 }, "quality": {"SA1200-A96185A-R22-C65": 1.0, "SA1200-A96185A-R22-C67": 0.222, "SA1200-A96185A-R11-C38": 0.0, "SA1200-A96185A-R24-C32": 0.19, "SA1200-A96185A-R26-C20": 0.0 }, "cv_hmmcopy": {"SA1200-A96185A-R22-C65": 0.150520379094105, "SA1200-A96185A-R22-C67": 0.331435991665576, "SA1200-A96185A-R11-C38": 0.619481179835446, "SA1200-A96185A-R24-C32": 0.54211684587222, "SA1200-A96185A-R26-C20": 0.4842354569371671 }, "empty_bins_hmmcopy": {"SA1200-A96185A-R22-C65": 0.0, "SA1200-A96185A-R22-C67": 0.0, "SA1200-A96185A-R11-C38": 0.0, "SA1200-A96185A-R24-C32": 0.0, "SA1200-A96185A-R26-C20": 0.0 }, "row": {"SA1200-A96185A-R22-C65": 22.0, "SA1200-A96185A-R22-C67": 22.0, "SA1200-A96185A-R11-C38": 11.0, "SA1200-A96185A-R24-C32": 24.0, "SA1200-A96185A-R26-C20": 26.0 }, "total_duplicate_reads": {"SA1200-A96185A-R22-C65": 122853.0, "SA1200-A96185A-R22-C67": 124516.0, "SA1200-A96185A-R11-C38": 1304.0, "SA1200-A96185A-R24-C32": 193203.0, "SA1200-A96185A-R26-C20": 189.0 }, "percent_duplicate_reads": {"SA1200-A96185A-R22-C65": 0.10981663588, "SA1200-A96185A-R22-C67": 0.116497742403, "SA1200-A96185A-R11-C38": 0.0869956888231, "SA1200-A96185A-R24-C32": 0.138313110249, "SA1200-A96185A-R26-C20": 0.0162289298314 }, "MBRSI_dispersion_non_integerness": {"SA1200-A96185A-R22-C65": 0.196726274679004, "SA1200-A96185A-R22-C67": 0.632620292786051, "SA1200-A96185A-R11-C38": 4.28373556626838e-08, "SA1200-A96185A-R24-C32": 0.335457770577112, "SA1200-A96185A-R26-C20": 8.03164335039241e-09 }, "index_i7": {"SA1200-A96185A-R22-C65": "i7-65", "SA1200-A96185A-R22-C67": "i7-67", "SA1200-A96185A-R11-C38": "i7-38", "SA1200-A96185A-R24-C32": "i7-32", "SA1200-A96185A-R26-C20": "i7-20" }, "primer_i7": {"SA1200-A96185A-R22-C65": "CGGCCT", "SA1200-A96185A-R22-C67": "GCGTGG", "SA1200-A96185A-R11-C38": "CGTACG", "SA1200-A96185A-R24-C32": "TCCGTC", "SA1200-A96185A-R26-C20": "TTATTC" }, "index_i5": {"SA1200-A96185A-R22-C65": "i5-22", "SA1200-A96185A-R22-C67": "i5-22", "SA1200-A96185A-R11-C38": "i5-11", "SA1200-A96185A-R24-C32": "i5-24", "SA1200-A96185A-R26-C20": "i5-26" }, "sample_type": {"SA1200-A96185A-R22-C65": "P", "SA1200-A96185A-R22-C67": "P", "SA1200-A96185A-R11-C38": "P", "SA1200-A96185A-R24-C32": "P", "SA1200-A96185A-R26-C20": "P" }, "total_halfiness": {"SA1200-A96185A-R22-C65": 703.062601679206, "SA1200-A96185A-R22-C67": 5860.5366573717, "SA1200-A96185A-R11-C38": 1497.2865616881, "SA1200-A96185A-R24-C32": 4255.718887150089, "SA1200-A96185A-R26-C20": 840.399684679814 }, "is_s_phase_prob": {"SA1200-A96185A-R22-C65": 0.09108740707238752, "SA1200-A96185A-R22-C67": 0.16141019666077022, "SA1200-A96185A-R11-C38": 0.2157729400624216, "SA1200-A96185A-R24-C32": 0.2862374001086298, "SA1200-A96185A-R26-C20": 0.2271164477354933 }, "paired_mapped_reads": {"SA1200-A96185A-R22-C65": 581401.0, "SA1200-A96185A-R22-C67": 552086.0, "SA1200-A96185A-R11-C38": 7624.0, "SA1200-A96185A-R24-C32": 717161.0, "SA1200-A96185A-R26-C20": 6214.0 }, "coverage_breadth": {"SA1200-A96185A-R22-C65": 0.0343027114951, "SA1200-A96185A-R22-C67": 0.031374200159400005, "SA1200-A96185A-R11-C38": 0.000311161546368, "SA1200-A96185A-R24-C32": 0.0393496769304, "SA1200-A96185A-R26-C20": 0.00036911283663099994 }, "cell_call": {"SA1200-A96185A-R22-C65": "C1", "SA1200-A96185A-R22-C67": "C1", "SA1200-A96185A-R11-C38": "C2", "SA1200-A96185A-R24-C32": "C1", "SA1200-A96185A-R26-C20": "C1" }, "mean_insert_size": {"SA1200-A96185A-R22-C65": 250.60492000000002, "SA1200-A96185A-R22-C67": 241.233887, "SA1200-A96185A-R11-C38": 148.008959, "SA1200-A96185A-R24-C32": 251.85540600000002, "SA1200-A96185A-R26-C20": 218.960515 }, "unpaired_duplicate_reads": {"SA1200-A96185A-R22-C65": "2075", "SA1200-A96185A-R22-C67": "2280", "SA1200-A96185A-R11-C38": "12", "SA1200-A96185A-R24-C32": "3729", "SA1200-A96185A-R26-C20": "3" }, "unpaired_mapped_reads": {"SA1200-A96185A-R22-C65": 11419.0, "SA1200-A96185A-R22-C67": 12502.0, "SA1200-A96185A-R11-C38": 293.0, "SA1200-A96185A-R24-C32": 20616.0, "SA1200-A96185A-R26-C20": 327.0 }, "unmapped_reads": {"SA1200-A96185A-R22-C65": 66473.0, "SA1200-A96185A-R22-C67": 63482.0, "SA1200-A96185A-R11-C38": 3937.0, "SA1200-A96185A-R24-C32": 112016.0, "SA1200-A96185A-R26-C20": 1047.0 }, "cell_id_2": {"SA1200-A96185A-R22-C65": "SA1200-A96185A-R22-C65", "SA1200-A96185A-R22-C67": "SA1200-A96185A-R22-C67", "SA1200-A96185A-R11-C38": "SA1200-A96185A-R11-C38", "SA1200-A96185A-R24-C32": "SA1200-A96185A-R24-C32", "SA1200-A96185A-R26-C20": "SA1200-A96185A-R26-C20" }, "cell_id": {"SA1200-A96185A-R22-C65": "SA1200-A96185A-R22-C65", "SA1200-A96185A-R22-C67": "SA1200-A96185A-R22-C67", "SA1200-A96185A-R11-C38": "SA1200-A96185A-R11-C38", "SA1200-A96185A-R24-C32": "SA1200-A96185A-R24-C32", "SA1200-A96185A-R26-C20": "SA1200-A96185A-R26-C20" }, "log_likelihood": {"SA1200-A96185A-R22-C65": -1614.397247345, "SA1200-A96185A-R22-C67": -9328.29507594682, "SA1200-A96185A-R11-C38": 1734.87083087208, "SA1200-A96185A-R24-C32": -5833.99956984937, "SA1200-A96185A-R26-C20": 2457.75698121026 },